0	https://en.wikipedia.org/wiki/Linux	data/pages/0.html	0
1	https://ace.wikipedia.org/wiki/Linux	data/pages/1.html	1
2	https://anp.wikipedia.org/wiki/%E0%A4%B2%E0%A4%BF%E0%A4%A8%E0%A4%95%E0%A5%8D%E0%A4%B8	data/pages/2.html	1
3	https://am.wikipedia.org/wiki/%E1%88%8A%E1%8A%91%E1%8A%AD%E1%88%B5	data/pages/3.html	1
4	https://arc.wikipedia.org/wiki/%DC%A0%DC%9D%DC%A2%DC%98%DC%9F%DC%A3	data/pages/4.html	1
5	https://als.wikipedia.org/wiki/Linux	data/pages/5.html	1
6	https://an.wikipedia.org/wiki/Linux	data/pages/6.html	1
7	https://donate.wikimedia.org/?wmf_source=donate&amp;wmf_medium=sidebar&amp;wmf_campaign=en.wikipedia.org&amp;uselang=en	data/pages/7.html	1
8	https://af.wikipedia.org/wiki/Linux	data/pages/8.html	1
9	https://en.wikipedia.org/wiki/Main_Page	data/pages/9.html	1
10	https://ar.wikipedia.org/wiki/%D9%84%D9%8A%D9%86%D9%83%D8%B3	data/pages/10.html	1
11	https://ary.wikipedia.org/wiki/%D9%84%D9%8A%D9%86%D9%88%D9%83%D8%B3	data/pages/11.html	1
12	https://arz.wikipedia.org/wiki/%D9%84%D9%8A%D9%86%D9%83%D8%B3	data/pages/12.html	1
13	https://azb.wikipedia.org/wiki/%D9%84%DB%8C%D9%86%D9%88%DA%A9%D8%B3	data/pages/13.html	1
14	https://as.wikipedia.org/wiki/%E0%A6%B2%E0%A7%80%E0%A6%A8%E0%A6%BE%E0%A6%95%E0%A7%8D%E0%A6%B8	data/pages/14.html	1
15	https://ast.wikipedia.org/wiki/Linux	data/pages/15.html	1
16	https://bar.wikipedia.org/wiki/Linux	data/pages/16.html	1
17	https://az.wikipedia.org/wiki/Linux	data/pages/17.html	1
18	https://ba.wikipedia.org/wiki/Linux	data/pages/18.html	1
19	https://bat-smg.wikipedia.org/wiki/Linux	data/pages/19.html	1
20	https://bcl.wikipedia.org/wiki/Linux	data/pages/20.html	1
21	https://br.wikipedia.org/wiki/Linux	data/pages/21.html	1
22	https://bh.wikipedia.org/wiki/%E0%A4%B2%E0%A4%BF%E0%A4%A8%E0%A4%95%E0%A5%8D%E0%A4%B8	data/pages/22.html	1
23	https://be.wikipedia.org/wiki/Linux	data/pages/23.html	1
24	https://be-tarask.wikipedia.org/wiki/Linux	data/pages/24.html	1
25	https://bug.wikipedia.org/wiki/Linux	data/pages/25.html	1
26	https://bg.wikipedia.org/wiki/%D0%9B%D0%B8%D0%BD%D1%83%D0%BA%D1%81	data/pages/26.html	1
27	https://cdo.wikipedia.org/wiki/Linux	data/pages/27.html	1
28	https://ca.wikipedia.org/wiki/Linux	data/pages/28.html	1
29	https://bs.wikipedia.org/wiki/Linux	data/pages/29.html	1
30	https://bn.wikipedia.org/wiki/%E0%A6%B2%E0%A6%BF%E0%A6%A8%E0%A6%BE%E0%A6%95%E0%A7%8D%E0%A6%B8	data/pages/30.html	1
31	https://en.wikipedia.org/w/index.php?title=Special:UserLogin&amp;returnto=Linux	data/pages/31.html	1
32	https://en.wikipedia.org/w/index.php?title=Special:CreateAccount&amp;returnto=Linux	data/pages/32.html	1
33	https://ceb.wikipedia.org/wiki/Linux	data/pages/33.html	1
34	https://ckb.wikipedia.org/wiki/%D9%84%DB%8C%D9%86%D9%88%DA%A9%D8%B3	data/pages/34.html	1
35	https://csb.wikipedia.org/wiki/Linux	data/pages/35.html	1
36	https://co.wikipedia.org/wiki/Linux	data/pages/36.html	1
37	https://cy.wikipedia.org/wiki/Linux	data/pages/37.html	1
38	https://diq.wikipedia.org/wiki/Linux	data/pages/38.html	1
39	https://da.wikipedia.org/wiki/Linux	data/pages/39.html	1
40	https://dsb.wikipedia.org/wiki/Linux	data/pages/40.html	1
41	https://cs.wikipedia.org/wiki/Linux	data/pages/41.html	1
42	https://de.wikipedia.org/wiki/Linux	data/pages/42.html	1
43	https://el.wikipedia.org/wiki/Linux	data/pages/43.html	1
44	https://eo.wikipedia.org/wiki/Linux	data/pages/44.html	1
45	https://fiu-vro.wikipedia.org/wiki/Linux	data/pages/45.html	1
46	https://fy.wikipedia.org/wiki/Linux	data/pages/46.html	1
47	https://eu.wikipedia.org/wiki/Linux	data/pages/47.html	1
48	https://ga.wikipedia.org/wiki/Linux	data/pages/48.html	1
49	https://es.wikipedia.org/wiki/Linux	data/pages/49.html	1
50	https://et.wikipedia.org/wiki/Linux	data/pages/50.html	1
51	https://fa.wikipedia.org/wiki/%D9%84%DB%8C%D9%86%D9%88%DA%A9%D8%B3	data/pages/51.html	1
52	https://fi.wikipedia.org/wiki/Linux	data/pages/52.html	1
53	https://hak.wikipedia.org/wiki/Linux	data/pages/53.html	1
54	https://gn.wikipedia.org/wiki/Linux	data/pages/54.html	1
55	https://gl.wikipedia.org/wiki/Linux	data/pages/55.html	1
56	https://hsb.wikipedia.org/wiki/Linux	data/pages/56.html	1
57	https://he.wikipedia.org/wiki/%D7%9C%D7%99%D7%A0%D7%95%D7%A7%D7%A1	data/pages/57.html	1
58	https://ht.wikipedia.org/wiki/Linux	data/pages/58.html	1
59	https://hr.wikipedia.org/wiki/Linux	data/pages/59.html	1
60	https://fr.wikipedia.org/wiki/Linux	data/pages/60.html	1
61	https://hi.wikipedia.org/wiki/%E0%A4%B2%E0%A4%BF%E0%A4%A8%E0%A4%95%E0%A5%8D%E0%A4%B8	data/pages/61.html	1
62	https://hy.wikipedia.org/wiki/%D4%BC%D5%AB%D5%B6%D5%B8%D6%82%D6%84%D5%BD	data/pages/62.html	1
63	https://hyw.wikipedia.org/wiki/%D4%BC%D5%AB%D5%B6%D5%B8%D6%82%D6%84%D5%BD	data/pages/63.html	1
64	https://ia.wikipedia.org/wiki/Linux	data/pages/64.html	1
65	https://hu.wikipedia.org/wiki/Linux	data/pages/65.html	1
66	https://io.wikipedia.org/wiki/Linux	data/pages/66.html	1
67	https://id.wikipedia.org/wiki/Linux	data/pages/67.html	1
68	https://jbo.wikipedia.org/wiki/la_.linuks.	data/pages/68.html	1
69	https://jv.wikipedia.org/wiki/Linux	data/pages/69.html	1
70	https://is.wikipedia.org/wiki/Linux	data/pages/70.html	1
71	https://ka.wikipedia.org/wiki/Linux	data/pages/71.html	1
72	https://it.wikipedia.org/wiki/Linux	data/pages/72.html	1
73	https://kaa.wikipedia.org/wiki/Linux	data/pages/73.html	1
74	https://ja.wikipedia.org/wiki/Linux	data/pages/74.html	1
75	https://kab.wikipedia.org/wiki/Linux	data/pages/75.html	1
76	https://kk.wikipedia.org/wiki/Linux	data/pages/76.html	1
77	https://km.wikipedia.org/wiki/%E1%9E%9B%E1%9E%B8%E1%9E%93%E1%9E%BB%E1%9E%85	data/pages/77.html	1
78	https://kn.wikipedia.org/wiki/%E0%B2%B2%E0%B2%BF%E0%B2%A8%E0%B2%95%E0%B3%8D%E0%B2%B8%E0%B3%8D	data/pages/78.html	1
79	https://ksh.wikipedia.org/wiki/Linux_(Bedriefsystem)	data/pages/79.html	1
80	https://kv.wikipedia.org/wiki/%D0%9B%D0%B8%D0%BD%D1%83%D0%BA%D1%81	data/pages/80.html	1
81	https://ku.wikipedia.org/wiki/Linux	data/pages/81.html	1
82	https://ky.wikipedia.org/wiki/Linux	data/pages/82.html	1
83	https://la.wikipedia.org/wiki/Linux	data/pages/83.html	1
84	https://lb.wikipedia.org/wiki/Linux	data/pages/84.html	1
85	https://lfn.wikipedia.org/wiki/Linux	data/pages/85.html	1
86	https://ko.wikipedia.org/wiki/%EB%A6%AC%EB%88%85%EC%8A%A4	data/pages/86.html	1
87	https://lij.wikipedia.org/wiki/Linux	data/pages/87.html	1
88	https://lmo.wikipedia.org/wiki/Linux	data/pages/88.html	1
89	https://ln.wikipedia.org/wiki/Linux	data/pages/89.html	1
90	https://lo.wikipedia.org/wiki/%E0%BA%A5%E0%BA%B5%E0%BA%99%E0%BA%B8%E0%BA%81%E0%BA%8A%E0%BB%8C	data/pages/90.html	1
91	https://lt.wikipedia.org/wiki/Linux	data/pages/91.html	1
92	https://map-bms.wikipedia.org/wiki/Linux	data/pages/92.html	1
93	https://mg.wikipedia.org/wiki/Linux	data/pages/93.html	1
94	https://lv.wikipedia.org/wiki/GNU/Linux	data/pages/94.html	1
95	https://mi.wikipedia.org/wiki/Linux	data/pages/95.html	1
96	https://mk.wikipedia.org/wiki/%D0%9B%D0%B8%D0%BD%D1%83%D0%BA%D1%81	data/pages/96.html	1
97	https://nds-nl.wikipedia.org/wiki/Linux	data/pages/97.html	1
98	https://mn.wikipedia.org/wiki/%D0%9B%D0%B8%D0%BD%D1%83%D0%BA%D1%81	data/pages/98.html	1
99	https://my.wikipedia.org/wiki/%E1%80%9C%E1%80%84%E1%80%BA%E1%80%B8%E1%80%94%E1%80%95%E1%80%BA%E1%80%85%E1%80%BA	data/pages/99.html	1
100	https://nds.wikipedia.org/wiki/Linux	data/pages/100.html	1
101	https://ms.wikipedia.org/wiki/Linux	data/pages/101.html	1
102	https://mr.wikipedia.org/wiki/%E0%A4%B2%E0%A4%BF%E0%A4%A8%E0%A4%95%E0%A5%8D%E0%A4%B8	data/pages/102.html	1
103	https://new.wikipedia.org/wiki/%E0%A4%B2%E0%A4%BE%E0%A4%87%E0%A4%A8%E0%A4%95%E0%A5%8D%E0%A4%B8	data/pages/103.html	1
104	https://ne.wikipedia.org/wiki/%E0%A4%B2%E0%A4%BF%E0%A4%A8%E0%A4%95%E0%A5%8D%E0%A4%B8	data/pages/104.html	1
105	https://nl.wikipedia.org/wiki/Linux	data/pages/105.html	1
106	https://nn.wikipedia.org/wiki/Linux	data/pages/106.html	1
107	https://os.wikipedia.org/wiki/%D0%9B%D0%B8%D0%BD%D1%83%D0%BA%D1%81	data/pages/107.html	1
108	https://or.wikipedia.org/wiki/%E0%AC%B2%E0%AC%BF%E0%AC%A8%E0%AC%95%E0%AD%8D%E0%AC%B8	data/pages/108.html	1
109	https://pa.wikipedia.org/wiki/%E0%A8%B2%E0%A9%80%E0%A8%A8%E0%A8%95%E0%A8%B8	data/pages/109.html	1
110	https://pms.wikipedia.org/wiki/Linux	data/pages/110.html	1
111	https://pnb.wikipedia.org/wiki/%D9%84%DB%8C%D9%86%DA%A9%D8%B3	data/pages/111.html	1
112	https://no.wikipedia.org/wiki/Linux	data/pages/112.html	1
113	https://oc.wikipedia.org/wiki/Linux	data/pages/113.html	1
114	https://pl.wikipedia.org/wiki/Linux	data/pages/114.html	1
115	https://ps.wikipedia.org/wiki/%D9%84%D9%8A%D9%86%D9%88%DA%A9%D8%B3	data/pages/115.html	1
116	https://qu.wikipedia.org/wiki/Linux	data/pages/116.html	1
117	https://ro.wikipedia.org/wiki/Linux	data/pages/117.html	1
118	https://rue.wikipedia.org/wiki/%D0%9B%D1%96%D0%BD%D1%83%D0%BA%D1%81	data/pages/118.html	1
119	https://sd.wikipedia.org/wiki/%D9%84%D9%8A%D9%86%DA%AA%D8%B3	data/pages/119.html	1
120	https://sc.wikipedia.org/wiki/Linux	data/pages/120.html	1
121	https://sah.wikipedia.org/wiki/Linux	data/pages/121.html	1
122	https://ru.wikipedia.org/wiki/Linux	data/pages/122.html	1
123	https://scn.wikipedia.org/wiki/Linux	data/pages/123.html	1
124	https://sh.wikipedia.org/wiki/Linux	data/pages/124.html	1
125	https://sco.wikipedia.org/wiki/Linux	data/pages/125.html	1
126	https://si.wikipedia.org/wiki/%E0%B6%BD%E0%B7%92%E0%B6%B1%E0%B6%9A%E0%B7%8A%E0%B7%83%E0%B7%8A	data/pages/126.html	1
127	https://sk.wikipedia.org/wiki/Linux_(opera%C4%8Dn%C3%BD_syst%C3%A9m)	data/pages/127.html	1
128	https://simple.wikipedia.org/wiki/Linux	data/pages/128.html	1
129	https://pt.wikipedia.org/wiki/Linux	data/pages/129.html	1
130	https://so.wikipedia.org/wiki/Linux	data/pages/130.html	1
131	https://sq.wikipedia.org/wiki/Linux	data/pages/131.html	1
132	https://sl.wikipedia.org/wiki/Linux	data/pages/132.html	1
133	https://stq.wikipedia.org/wiki/Linux	data/pages/133.html	1
134	https://szl.wikipedia.org/wiki/Linux	data/pages/134.html	1
135	https://sw.wikipedia.org/wiki/Linux	data/pages/135.html	1
136	https://sv.wikipedia.org/wiki/Linux	data/pages/136.html	1
137	https://sr.wikipedia.org/wiki/Linux	data/pages/137.html	1
138	https://ta.wikipedia.org/wiki/%E0%AE%B2%E0%AE%BF%E0%AE%A9%E0%AE%95%E0%AF%8D%E0%AE%9A%E0%AF%81	data/pages/138.html	1
139	https://te.wikipedia.org/wiki/%E0%B0%B2%E0%B0%BF%E0%B0%A8%E0%B0%95%E0%B1%8D%E0%B0%B8%E0%B1%8D	data/pages/139.html	1
140	https://tet.wikipedia.org/wiki/Linux	data/pages/140.html	1
141	https://tok.wikipedia.org/wiki/ilo_Linu	data/pages/141.html	1
142	https://th.wikipedia.org/wiki/%E0%B8%A5%E0%B8%B4%E0%B8%99%E0%B8%B8%E0%B8%81%E0%B8%8B%E0%B9%8C	data/pages/142.html	1
143	https://tl.wikipedia.org/wiki/Linux	data/pages/143.html	1
144	https://tr.wikipedia.org/wiki/Linux	data/pages/144.html	1
145	https://tt.wikipedia.org/wiki/Linux	data/pages/145.html	1
146	https://udm.wikipedia.org/wiki/Linux	data/pages/146.html	1
147	https://ur.wikipedia.org/wiki/%D9%84%DB%8C%D9%86%DA%A9%D8%B3	data/pages/147.html	1
148	https://uz.wikipedia.org/wiki/Linux	data/pages/148.html	1
149	https://uk.wikipedia.org/wiki/Linux	data/pages/149.html	1
150	https://vep.wikipedia.org/wiki/Linux	data/pages/150.html	1
151	https://vec.wikipedia.org/wiki/Linux	data/pages/151.html	1
152	https://vls.wikipedia.org/wiki/Linux	data/pages/152.html	1
153	https://war.wikipedia.org/wiki/Linux	data/pages/153.html	1
154	https://wa.wikipedia.org/wiki/Linux	data/pages/154.html	1
155	https://wo.wikipedia.org/wiki/Linux	data/pages/155.html	1
156	https://xmf.wikipedia.org/wiki/Linux	data/pages/156.html	1
157	https://wuu.wikipedia.org/wiki/Linux	data/pages/157.html	1
158	https://vi.wikipedia.org/wiki/Linux	data/pages/158.html	1
159	https://zea.wikipedia.org/wiki/Linux	data/pages/159.html	1
160	https://yo.wikipedia.org/wiki/Linux	data/pages/160.html	1
161	https://yi.wikipedia.org/wiki/%D7%9C%D7%99%D7%A0%D7%95%D7%A7%D7%A1	data/pages/161.html	1
162	https://za.wikipedia.org/wiki/Linux	data/pages/162.html	1
163	https://zh-classical.wikipedia.org/wiki/%E6%9E%97%E7%B4%8D%E6%96%AF	data/pages/163.html	1
164	https://zh-min-nan.wikipedia.org/wiki/Linux	data/pages/164.html	1
165	https://zh-yue.wikipedia.org/wiki/Linux	data/pages/165.html	1
166	https://zh.wikipedia.org/wiki/Linux	data/pages/166.html	1
167	https://en.wikipedia.org/w/index.php?title=Linux&amp;action=edit	data/pages/167.html	1
168	https://en.wikibooks.org/wiki/Linux_Guide	data/pages/168.html	1
169	https://en.wikipedia.org/w/index.php?title=Linux&amp;oldid=1350259597	data/pages/169.html	1
170	https://en.wikipedia.org/w/index.php?title=Linux&amp;action=history	data/pages/170.html	1
171	https://en.wikipedia.org/w/index.php?title=Special:DownloadAsPdf&amp;page=Linux&amp;action=show-download-screen	data/pages/171.html	1
172	https://en.wikipedia.org/w/index.php?title=Special:CiteThisPage&amp;page=Linux&amp;id=1350259597&amp;wpFormIdentifier=titleform	data/pages/172.html	1
173	https://en.wikipedia.org/w/index.php?title=Linux&amp;action=info	data/pages/173.html	1
174	https://en.wikipedia.org/w/index.php?title=Special:UrlShortener&amp;url=https%3A%2F%2Fen.wikipedia.org%2Fwiki%2FLinux	data/pages/174.html	1
175	https://commons.wikimedia.org/wiki/Linux	data/pages/175.html	1
176	https://en.wikipedia.org/w/index.php?title=Linux&amp;printable=yes	data/pages/176.html	1
177	https://en.wikiquote.org/wiki/Linux	data/pages/177.html	1
178	https://en.wikiversity.org/wiki/Linux	data/pages/178.html	1
179	https://en.wikipedia.org/wiki/Linux_(disambiguation)	data/pages/179.html	1
180	https://en.wikipedia.org/wiki/Tux_(mascot)	data/pages/180.html	1
181	https://en.wikipedia.org/wiki/Programmer	data/pages/181.html	1
182	https://en.wikipedia.org/wiki/Linus_Torvalds	data/pages/182.html	1
183	https://en.wikipedia.org/wiki/Linux_kernel	data/pages/183.html	1
184	https://en.wikipedia.org/wiki/Assembly_language	data/pages/184.html	1
185	https://en.wikipedia.org/wiki/Programming_language	data/pages/185.html	1
186	https://en.wikipedia.org/wiki/Unix-like	data/pages/186.html	1
187	https://en.wikipedia.org/wiki/C_(programming_language)	data/pages/187.html	1
188	https://en.wikipedia.org/wiki/Open-source_software	data/pages/188.html	1
189	https://en.wikipedia.org/wiki/Rust_(programming_language)	data/pages/189.html	1
190	https://en.wikipedia.org/wiki/Cloud_computing	data/pages/190.html	1
191	https://en.wikipedia.org/wiki/Mainframe_computer	data/pages/191.html	1
192	https://en.wikipedia.org/wiki/Embedded_device	data/pages/192.html	1
193	https://en.wikipedia.org/wiki/Mobile_device	data/pages/193.html	1
194	https://en.wikipedia.org/wiki/Server_(computing)	data/pages/194.html	1
195	https://en.wikipedia.org/wiki/ARC_(processor)	data/pages/195.html	1
196	https://en.wikipedia.org/wiki/Personal_computer	data/pages/196.html	1
197	https://en.wikipedia.org/wiki/DEC_Alpha	data/pages/197.html	1
198	https://en.wikipedia.org/wiki/Supercomputer	data/pages/198.html	1
199	https://en.wikipedia.org/wiki/M%C2%B7CORE	data/pages/199.html	1
200	https://en.wikipedia.org/wiki/Qualcomm_Hexagon	data/pages/200.html	1
201	https://en.wikipedia.org/wiki/Microblaze	data/pages/201.html	1
202	https://en.wikipedia.org/wiki/M68k	data/pages/202.html	1
203	https://en.wikipedia.org/wiki/ARM_architecture	data/pages/203.html	1
204	https://en.wikipedia.org/wiki/Loongson	data/pages/204.html	1
205	https://en.wikipedia.org/wiki/Nios_II	data/pages/205.html	1
206	https://en.wikipedia.org/wiki/OpenRISC	data/pages/206.html	1
207	https://en.wikipedia.org/w/index.php?title=Special:Log&amp;type=review&amp;page=Linux	data/pages/207.html	1
208	https://en.wikipedia.org/wiki/MIPS_architecture	data/pages/208.html	1
209	https://en.wikipedia.org/wiki/Power_ISA	data/pages/209.html	1
210	https://en.wikipedia.org/wiki/PA-RISC	data/pages/210.html	1
211	https://en.wikipedia.org/wiki/PowerPC	data/pages/211.html	1
212	https://en.wikipedia.org/wiki/ESA/390	data/pages/212.html	1
213	https://en.wikipedia.org/wiki/SuperH	data/pages/213.html	1
214	https://en.wikipedia.org/wiki/Z/Architecture	data/pages/214.html	1
215	https://en.wikipedia.org/wiki/RISC-V	data/pages/215.html	1
216	https://en.wikipedia.org/wiki/Xtensa	data/pages/216.html	1
217	https://en.wikipedia.org/wiki/SPARC	data/pages/217.html	1
218	https://en.wikipedia.org/wiki/X86	data/pages/218.html	1
219	https://en.wikipedia.org/wiki/Monolithic_kernel	data/pages/219.html	1
220	https://en.wikipedia.org/wiki/Kernel_(operating_system)	data/pages/220.html	1
221	https://en.wikipedia.org/wiki/User_space_and_kernel_space	data/pages/221.html	1
222	https://en.wikipedia.org/wiki/Util-linux	data/pages/222.html	1
223	https://en.wikipedia.org/wiki/Plan_9_from_User_Space	data/pages/223.html	1
224	https://en.wikipedia.org/wiki/Busybox	data/pages/224.html	1
225	https://en.wikipedia.org/wiki/Toybox	data/pages/225.html	1
226	https://en.wikipedia.org/wiki/GNU	data/pages/226.html	1
227	https://en.wikipedia.org/wiki/Minix	data/pages/227.html	1
228	https://en.wikipedia.org/wiki/Unix	data/pages/228.html	1
229	https://en.wikipedia.org/wiki/Linux_distribution	data/pages/229.html	1
230	https://en.wikipedia.org/wiki/User_interface	data/pages/230.html	1
231	https://en.wikipedia.org/wiki/Desktop_environment	data/pages/231.html	1
232	https://en.wikipedia.org/wiki/GUI	data/pages/232.html	1
233	https://en.wikipedia.org/wiki/Software_license	data/pages/233.html	1
234	https://en.wikipedia.org/wiki/GPLv2	data/pages/234.html	1
235	https://en.wikipedia.org/wiki/System_software	data/pages/235.html	1
236	https://en.wikipedia.org/wiki/Package_manager	data/pages/236.html	1
237	https://en.wikipedia.org/wiki/Library_(computing)	data/pages/237.html	1
238	https://en.wikipedia.org/wiki/Open_source	data/pages/238.html	1
239	https://en.wikipedia.org/wiki/Operating_system	data/pages/239.html	1
240	https://en.wikipedia.org/wiki/Copyleft	data/pages/240.html	1
241	https://en.wikipedia.org/wiki/List_of_Linux_distributions	data/pages/241.html	1
242	https://en.wikipedia.org/wiki/GPL	data/pages/242.html	1
243	https://en.wikipedia.org/wiki/Fedora_Linux	data/pages/243.html	1
244	https://en.wikipedia.org/wiki/Linux_Mint	data/pages/244.html	1
245	https://en.wikipedia.org/wiki/Debian	data/pages/245.html	1
246	https://en.wikipedia.org/wiki/Arch_Linux	data/pages/246.html	1
247	https://en.wikipedia.org/wiki/Ubuntu	data/pages/247.html	1
248	https://en.wikipedia.org/wiki/GNU/Linux_naming_controversy	data/pages/248.html	1
249	https://en.wikipedia.org/wiki/SUSE_Linux_Enterprise	data/pages/249.html	1
250	https://en.wikipedia.org/wiki/Display_server	data/pages/250.html	1
251	https://en.wikipedia.org/wiki/Red_Hat_Enterprise_Linux	data/pages/251.html	1
252	https://en.wikipedia.org/wiki/Free_Software_Foundation	data/pages/252.html	1
253	https://en.wikipedia.org/wiki/Bootloader	data/pages/253.html	1
254	https://en.wikipedia.org/wiki/ChromeOS	data/pages/254.html	1
255	https://en.wikipedia.org/wiki/Unix_shell	data/pages/255.html	1
256	https://en.wikipedia.org/wiki/Porting	data/pages/256.html	1
257	https://en.wikipedia.org/wiki/Software	data/pages/257.html	1
258	https://en.wikipedia.org/wiki/Computer_hardware_platforms	data/pages/258.html	1
259	https://en.wikipedia.org/wiki/Workstations	data/pages/259.html	1
260	https://en.wikipedia.org/wiki/Mainframes	data/pages/260.html	1
261	https://en.wikipedia.org/wiki/Embedded_system	data/pages/261.html	1
262	https://en.wikipedia.org/wiki/TOP500	data/pages/262.html	1
263	https://en.wikipedia.org/wiki/Smartphone	data/pages/263.html	1
264	https://en.wikipedia.org/wiki/General-purpose_operating_system	data/pages/264.html	1
265	https://en.wikipedia.org/wiki/Free_software	data/pages/265.html	1
266	https://en.wikipedia.org/wiki/Android_(operating_system)	data/pages/266.html	1
267	https://en.wikipedia.org/wiki/GNU_Project	data/pages/267.html	1
268	https://en.wikipedia.org/wiki/Usage_share_of_operating_systems	data/pages/268.html	1
269	https://en.wikipedia.org/w/index.php?title=Linux&amp;action=edit&amp;section=1	data/pages/269.html	1
270	https://en.wikipedia.org/wiki/UNIX_System_Laboratories,_Inc._v._Berkeley_Software_Design,_Inc.	data/pages/270.html	1
271	https://en.wikipedia.org/wiki/386BSD	data/pages/271.html	1
272	https://en.wikipedia.org/wiki/Richard_Stallman	data/pages/272.html	1
273	https://en.wikipedia.org/wiki/AT%26T_Corporation	data/pages/273.html	1
274	https://en.wikipedia.org/wiki/Internet	data/pages/274.html	1
275	https://en.wikipedia.org/wiki/Windowing_system	data/pages/275.html	1
276	https://en.wikipedia.org/wiki/X_Window_System	data/pages/276.html	1
277	https://en.wikipedia.org/wiki/KDE_Plasma	data/pages/277.html	1
278	https://en.wikipedia.org/wiki/Solution_stack	data/pages/278.html	1
279	https://en.wikipedia.org/wiki/LAMP_(software_bundle)	data/pages/279.html	1
280	https://en.wikipedia.org/wiki/Graphical_user_interface	data/pages/280.html	1
281	https://en.wikipedia.org/wiki/Wayland_(protocol)	data/pages/281.html	1
282	https://en.wikipedia.org/wiki/Xfce	data/pages/282.html	1
283	https://en.wikipedia.org/wiki/GNOME	data/pages/283.html	1
284	https://en.wikipedia.org/wiki/Source_code	data/pages/284.html	1
285	https://en.wikipedia.org/wiki/GNU_General_Public_License	data/pages/285.html	1
286	https://en.wikipedia.org/wiki/System_call	data/pages/286.html	1
287	https://en.wikipedia.org/wiki/K%E2%80%9312	data/pages/287.html	1
288	https://en.wikipedia.org/wiki/Microsoft_Windows	data/pages/288.html	1
289	https://en.wikipedia.org/wiki/Desktop_computer	data/pages/289.html	1
290	https://en.wikipedia.org/wiki/MacOS	data/pages/290.html	1
291	https://en.wikipedia.org/wiki/Chromebook	data/pages/291.html	1
292	https://en.wikipedia.org/wiki/Firmware	data/pages/292.html	1
293	https://en.wikipedia.org/wiki/Big_iron_(computing)	data/pages/293.html	1
294	https://en.wikipedia.org/wiki/Laptop	data/pages/294.html	1
295	https://en.wikipedia.org/wiki/Router_(computing)	data/pages/295.html	1
296	https://en.wikipedia.org/wiki/Automation	data/pages/296.html	1
297	https://en.wikipedia.org/wiki/Smart_home_technology	data/pages/297.html	1
298	https://en.wikipedia.org/wiki/Video_game_console	data/pages/298.html	1
299	https://en.wikipedia.org/wiki/Smart_TV	data/pages/299.html	1
300	https://en.wikipedia.org/wiki/Spacecraft	data/pages/300.html	1
301	https://en.wikipedia.org/wiki/Automobiles	data/pages/301.html	1
302	https://en.wikipedia.org/wiki/Television	data/pages/302.html	1
303	https://en.wikipedia.org/wiki/History_of_Linux	data/pages/303.html	1
304	https://en.wikipedia.org/wiki/SpaceX_Dragon_2	data/pages/304.html	1
305	https://en.wikipedia.org/wiki/Free_as_in_free_beer	data/pages/305.html	1
306	https://en.wikipedia.org/wiki/Ingenuity_(helicopter)	data/pages/306.html	1
307	https://en.wikipedia.org/wiki/Falcon_9	data/pages/307.html	1
308	https://en.wikipedia.org/w/index.php?title=Linux&amp;action=edit&amp;section=2	data/pages/308.html	1
309	https://en.wikipedia.org/wiki/Free_software_movement	data/pages/309.html	1
310	https://en.wikipedia.org/wiki/Ken_Thompson	data/pages/310.html	1
311	https://en.wikipedia.org/wiki/Joe_Ossanna	data/pages/311.html	1
312	https://en.wikipedia.org/wiki/Bell_Labs	data/pages/312.html	1
313	https://en.wikipedia.org/wiki/Douglas_McIlroy	data/pages/313.html	1
314	https://en.wikipedia.org/w/index.php?title=Linux&amp;action=edit&amp;section=3	data/pages/314.html	1
315	https://en.wikipedia.org/wiki/Dennis_Ritchie	data/pages/315.html	1
316	https://en.wikipedia.org/wiki/Academic_institution	data/pages/316.html	1
317	https://en.wikipedia.org/wiki/High-level_language	data/pages/317.html	1
318	https://en.wikipedia.org/wiki/Regional_Bell_Operating_Company	data/pages/318.html	1
319	https://en.wikipedia.org/wiki/Breakup_of_the_Bell_System	data/pages/319.html	1
320	https://en.wikipedia.org/wiki/Antitrust_case	data/pages/320.html	1
321	https://en.wikipedia.org/wiki/Onyx_Systems	data/pages/321.html	1
322	https://en.wikipedia.org/wiki/Proprietary_software	data/pages/322.html	1
323	https://en.wikipedia.org/wiki/Text_editor	data/pages/323.html	1
324	https://en.wikipedia.org/wiki/Daemon_(computing)	data/pages/324.html	1
325	https://en.wikipedia.org/wiki/Shell_(computing)	data/pages/325.html	1
326	https://en.wikipedia.org/wiki/Compiler	data/pages/326.html	1
327	https://en.wikipedia.org/wiki/Device_driver	data/pages/327.html	1
328	https://en.wikipedia.org/wiki/Sun_Microsystems	data/pages/328.html	1
329	https://en.wikipedia.org/wiki/Stanford_University	data/pages/329.html	1
330	https://en.wikipedia.org/wiki/Andrew_S._Tanenbaum	data/pages/330.html	1
331	https://en.wikipedia.org/wiki/GNU_Hurd	data/pages/331.html	1
332	https://en.wikipedia.org/wiki/Computer_science	data/pages/332.html	1
333	https://en.wikipedia.org/wiki/Source-available_software	data/pages/333.html	1
334	https://en.wikipedia.org/w/index.php?title=Linux&amp;action=edit&amp;section=4	data/pages/334.html	1
335	https://en.wikipedia.org/wiki/MicroVAX	data/pages/335.html	1
336	https://en.wikipedia.org/wiki/Ultrix	data/pages/336.html	1
337	https://en.wikipedia.org/wiki/Usenet_newsgroup	data/pages/337.html	1
338	https://en.wikipedia.org/wiki/Software_documentation	data/pages/338.html	1
339	https://en.wikipedia.org/wiki/University_of_Helsinki	data/pages/339.html	1
340	https://en.wikipedia.org/wiki/POSIX	data/pages/340.html	1
341	https://en.wikipedia.org/wiki/SunOS	data/pages/341.html	1
342	https://en.wikipedia.org/wiki/OpenBSD	data/pages/342.html	1
343	https://en.wikipedia.org/wiki/GNU_kernel	data/pages/343.html	1
344	https://en.wikipedia.org/wiki/NetBSD	data/pages/344.html	1
345	https://en.wikipedia.org/wiki/FreeBSD	data/pages/345.html	1
346	https://en.wikipedia.org/wiki/Red_Hat_Linux	data/pages/346.html	1
347	https://en.wikipedia.org/wiki/Source_lines_of_code	data/pages/347.html	1
348	https://en.wikipedia.org/wiki/GNU_Lesser_General_Public_License	data/pages/348.html	1
349	https://en.wikipedia.org/wiki/SCO%E2%80%93Linux_disputes	data/pages/349.html	1
350	https://en.wikipedia.org/wiki/MIT_License	data/pages/350.html	1
351	https://en.wikipedia.org/wiki/X.Org_Server	data/pages/351.html	1
352	https://en.wikipedia.org/w/index.php?title=Linux&amp;action=edit&amp;section=5	data/pages/352.html	1
353	https://en.wikipedia.org/wiki/COCOMO	data/pages/353.html	1
354	https://en.wikipedia.org/wiki/Digital_rights_management	data/pages/354.html	1
355	https://en.wikipedia.org/wiki/C%2B%2B	data/pages/355.html	1
356	https://en.wikipedia.org/wiki/Lisp_(programming_language)	data/pages/356.html	1
357	https://en.wikipedia.org/wiki/Linux_Mark_Institute	data/pages/357.html	1
358	https://en.wikipedia.org/wiki/Shell_script	data/pages/358.html	1
359	https://en.wikipedia.org/wiki/Fortran	data/pages/359.html	1
360	https://en.wikipedia.org/wiki/GNU_variants	data/pages/360.html	1
361	https://en.wikipedia.org/wiki/Floppy_disk	data/pages/361.html	1
362	https://en.wikipedia.org/wiki/Makefile	data/pages/362.html	1
363	https://en.wikipedia.org/wiki/File_Transfer_Protocol	data/pages/363.html	1
364	https://en.wikipedia.org/wiki/SUSE_Linux	data/pages/364.html	1
365	https://en.wikipedia.org/wiki/Portmanteau	data/pages/365.html	1
366	https://en.wikipedia.org/wiki/FUNET	data/pages/366.html	1
367	https://upload.wikimedia.org/wikipedia/commons/transcoded/0/03/Linus-linux.ogg/Linus-linux.ogg.mp3	data/pages/367.html	1
368	https://en.wikipedia.org/w/index.php?title=Linux&amp;action=edit&amp;section=6	data/pages/368.html	1
369	https://en.wikipedia.org/wiki/Helsinki_University_of_Technology	data/pages/369.html	1
370	https://en.wikipedia.org/wiki/Close_front_unrounded_vowel	data/pages/370.html	1
371	https://en.wikipedia.org/wiki/Near-close_near-front_unrounded_vowel	data/pages/371.html	1
372	https://en.wikipedia.org/w/index.php?title=Linux&amp;action=edit&amp;section=7	data/pages/372.html	1
373	https://en.wikipedia.org/wiki/Computer_cluster	data/pages/373.html	1
374	https://en.wikipedia.org/wiki/Linux_adoption	data/pages/374.html	1
375	https://en.wikipedia.org/wiki/IBM	data/pages/375.html	1
376	https://en.wikipedia.org/wiki/Dell	data/pages/376.html	1
377	https://en.wikipedia.org/wiki/Netbook	data/pages/377.html	1
378	https://en.wikipedia.org/wiki/Hewlett-Packard	data/pages/378.html	1
379	https://en.wikipedia.org/wiki/NASA	data/pages/379.html	1
380	https://en.wikipedia.org/wiki/Microsoft	data/pages/380.html	1
381	https://en.wikipedia.org/wiki/Wearable_technology	data/pages/381.html	1
382	https://en.wikipedia.org/wiki/SteamOS	data/pages/382.html	1
383	https://en.wikipedia.org/wiki/Greg_Kroah-Hartman	data/pages/383.html	1
384	https://en.wikipedia.org/wiki/Valve_Corporation	data/pages/384.html	1
385	https://en.wikipedia.org/wiki/Tablet_computer	data/pages/385.html	1
386	https://en.wikipedia.org/wiki/Linux_gaming	data/pages/386.html	1
387	https://en.wikipedia.org/wiki/Steam_Deck	data/pages/387.html	1
388	https://en.wikipedia.org/w/index.php?title=Linux&amp;action=edit&amp;section=8	data/pages/388.html	1
389	https://en.wikipedia.org/wiki/Package_management	data/pages/389.html	1
390	https://en.wikipedia.org/wiki/Brazil	data/pages/390.html	1
391	https://en.wikipedia.org/wiki/In-flight_entertainment_system	data/pages/391.html	1
392	https://en.wikipedia.org/wiki/Linux_range_of_use	data/pages/392.html	1
393	https://en.wikipedia.org/wiki/Web_analytics	data/pages/393.html	1
394	https://en.wikipedia.org/w/index.php?title=Linux&amp;action=edit&amp;section=9	data/pages/394.html	1
395	https://en.wikipedia.org/wiki/Vendor_lock-in	data/pages/395.html	1
396	https://en.wikipedia.org/wiki/LiMo_Foundation	data/pages/396.html	1
397	https://en.wikipedia.org/w/index.php?title=Linux&amp;action=edit&amp;section=10	data/pages/397.html	1
398	https://en.wikipedia.org/wiki/International_Data_Corporation	data/pages/398.html	1
399	https://en.wikipedia.org/wiki/StatCounter	data/pages/399.html	1
400	https://en.wikipedia.org/wiki/Nexus_5X	data/pages/400.html	1
401	https://en.wikipedia.org/wiki/Weta_Digital	data/pages/401.html	1
402	https://en.wikipedia.org/wiki/IOS	data/pages/402.html	1
403	https://en.wikipedia.org/wiki/Pixar	data/pages/403.html	1
404	https://en.wikipedia.org/wiki/Industrial_Light_%26_Magic	data/pages/404.html	1
405	https://en.wikipedia.org/wiki/DreamWorks_Animation	data/pages/405.html	1
406	https://en.wikipedia.org/wiki/Red_Star_OS	data/pages/406.html	1
407	https://en.wikipedia.org/wiki/Germany	data/pages/407.html	1
408	https://en.wikipedia.org/wiki/Titanic_(1997_film)	data/pages/408.html	1
409	https://en.wikipedia.org/w/index.php?title=Linux&amp;action=edit&amp;section=11	data/pages/409.html	1
410	https://en.wikipedia.org/wiki/Eric_S._Raymond	data/pages/410.html	1
411	https://en.wikipedia.org/wiki/Bryan_Cantrill	data/pages/411.html	1
412	https://en.wikipedia.org/wiki/Evolution	data/pages/412.html	1
413	https://en.wikipedia.org/wiki/Peripheral	data/pages/413.html	1
414	https://en.wikipedia.org/wiki/Natural_selection	data/pages/414.html	1
415	https://en.wikipedia.org/wiki/Mutation	data/pages/415.html	1
416	https://en.wikipedia.org/wiki/Glibc	data/pages/416.html	1
417	https://en.wikipedia.org/wiki/C_standard_library	data/pages/417.html	1
418	https://en.wikipedia.org/wiki/File_system	data/pages/418.html	1
419	https://en.wikipedia.org/wiki/GNU_toolchain	data/pages/419.html	1
420	https://en.wikipedia.org/wiki/France	data/pages/420.html	1
421	https://en.wikipedia.org/wiki/GNU_Compiler_Collection	data/pages/421.html	1
422	https://en.wikipedia.org/wiki/Kerala	data/pages/422.html	1
423	https://en.wikipedia.org/wiki/List_of_Unix_commands	data/pages/423.html	1
424	https://en.wikipedia.org/wiki/GNU_Core_Utilities	data/pages/424.html	1
425	https://en.wikipedia.org/wiki/Bash_(Unix_shell)	data/pages/425.html	1
426	https://en.wikipedia.org/wiki/Command-line_interface	data/pages/426.html	1
427	https://en.wikipedia.org/wiki/0_A.D._(video_game)	data/pages/427.html	1
428	https://en.wikipedia.org/wiki/China	data/pages/428.html	1
429	https://en.wikipedia.org/wiki/GIMP	data/pages/429.html	1
430	https://en.wikipedia.org/wiki/OpenRC	data/pages/430.html	1
431	https://en.wikipedia.org/wiki/LibreOffice	data/pages/431.html	1
432	https://en.wikipedia.org/wiki/Runit	data/pages/432.html	1
433	https://en.wikipedia.org/wiki/Blender_(software)	data/pages/433.html	1
434	https://en.wikipedia.org/wiki/Init	data/pages/434.html	1
435	https://en.wikipedia.org/wiki/Polkit	data/pages/435.html	1
436	https://en.wikipedia.org/wiki/Systemd	data/pages/436.html	1
437	https://en.wikipedia.org/wiki/Samba_(software)	data/pages/437.html	1
438	https://en.wikipedia.org/wiki/Firefox	data/pages/438.html	1
439	https://en.wikipedia.org/wiki/OpenSSH	data/pages/439.html	1
440	https://en.wikipedia.org/wiki/Udevd	data/pages/440.html	1
441	https://en.wikipedia.org/wiki/SurfaceFlinger	data/pages/441.html	1
442	https://en.wikipedia.org/wiki/AMD_Radeon_Software	data/pages/442.html	1
443	https://en.wikipedia.org/wiki/Enlightenment_Foundation_Libraries	data/pages/443.html	1
444	https://en.wikipedia.org/wiki/GTK	data/pages/444.html	1
445	https://en.wikipedia.org/wiki/Simple_DirectMedia_Layer	data/pages/445.html	1
446	https://en.wikipedia.org/wiki/Mesa_(computer_graphics)	data/pages/446.html	1
447	https://en.wikipedia.org/wiki/Simple_and_Fast_Multimedia_Library	data/pages/447.html	1
448	https://en.wikipedia.org/wiki/Qt_(software)	data/pages/448.html	1
449	https://en.wikipedia.org/wiki/FLTK	data/pages/449.html	1
450	https://en.wikipedia.org/wiki/GNUstep	data/pages/450.html	1
451	https://en.wikipedia.org/wiki/Exec_(system_call)	data/pages/451.html	1
452	https://en.wikipedia.org/wiki/Fopen	data/pages/452.html	1
453	https://en.wikipedia.org/wiki/Localtime	data/pages/453.html	1
454	https://en.wikipedia.org/wiki/Malloc	data/pages/454.html	1
455	https://en.wikipedia.org/wiki/Pthread_create	data/pages/455.html	1
456	https://en.wikipedia.org/wiki/Musl	data/pages/456.html	1
457	https://en.wikipedia.org/wiki/Memcpy	data/pages/457.html	1
458	https://en.wikipedia.org/wiki/Subroutine	data/pages/458.html	1
459	https://en.wikipedia.org/wiki/UClibc	data/pages/459.html	1
460	https://en.wikipedia.org/wiki/Stat_(system_call)	data/pages/460.html	1
461	https://en.wikipedia.org/wiki/Bionic_(software)	data/pages/461.html	1
462	https://en.wikipedia.org/wiki/Single_UNIX_Specification	data/pages/462.html	1
463	https://en.wikipedia.org/wiki/Splice_(system_call)	data/pages/463.html	1
464	https://en.wikipedia.org/wiki/Read_(system_call)	data/pages/464.html	1
465	https://en.wikipedia.org/wiki/Dup_(system_call)	data/pages/465.html	1
466	https://en.wikipedia.org/wiki/Open_(system_call)	data/pages/466.html	1
467	https://en.wikipedia.org/wiki/Write_(system_call)	data/pages/467.html	1
468	https://en.wikipedia.org/wiki/Close_(system_call)	data/pages/468.html	1
469	https://en.wikipedia.org/wiki/Ioctl	data/pages/469.html	1
470	https://en.wikipedia.org/wiki/Exit_(system_call)	data/pages/470.html	1
471	https://en.wikipedia.org/wiki/Mmap	data/pages/471.html	1
472	https://en.wikipedia.org/wiki/Inter-process_communication	data/pages/472.html	1
473	https://en.wikipedia.org/wiki/Scheduling_(computing)	data/pages/473.html	1
474	https://en.wikipedia.org/wiki/Memory_management	data/pages/474.html	1
475	https://en.wikipedia.org/wiki/Virtual_file_system	data/pages/475.html	1
476	https://en.wikipedia.org/wiki/Advanced_Linux_Sound_Architecture	data/pages/476.html	1
477	https://en.wikipedia.org/wiki/Evdev	data/pages/477.html	1
478	https://en.wikipedia.org/wiki/Klibc	data/pages/478.html	1
479	https://en.wikipedia.org/wiki/Direct_Rendering_Infrastructure	data/pages/479.html	1
480	https://en.wikipedia.org/wiki/Linux_Network_Scheduler	data/pages/480.html	1
481	https://en.wikipedia.org/wiki/Device_mapper	data/pages/481.html	1
482	https://en.wikipedia.org/wiki/Logical_Volume_Manager_(Linux)	data/pages/482.html	1
483	https://en.wikipedia.org/wiki/Netfilter	data/pages/483.html	1
484	https://en.wikipedia.org/wiki/Linux_Security_Modules	data/pages/484.html	1
485	https://en.wikipedia.org/wiki/Security-Enhanced_Linux	data/pages/485.html	1
486	https://en.wikipedia.org/wiki/TOMOYO_Linux	data/pages/486.html	1
487	https://en.wikipedia.org/wiki/Smack_(Linux_security_module)	data/pages/487.html	1
488	https://en.wikipedia.org/wiki/AppArmor	data/pages/488.html	1
489	https://en.wikipedia.org/wiki/LILO_(bootloader)	data/pages/489.html	1
490	https://en.wikipedia.org/wiki/Central_processing_unit	data/pages/490.html	1
491	https://en.wikipedia.org/wiki/SYSLINUX	data/pages/491.html	1
492	https://en.wikipedia.org/wiki/Computer_data_storage	data/pages/492.html	1
493	https://en.wikipedia.org/wiki/Systemd-boot	data/pages/493.html	1
494	https://en.wikipedia.org/wiki/GNU_GRUB	data/pages/494.html	1
495	https://en.wikipedia.org/wiki/Random-access_memory	data/pages/495.html	1
496	https://en.wikipedia.org/wiki/Upstart_(software)	data/pages/496.html	1
497	https://en.wikipedia.org/wiki/Main_memory	data/pages/497.html	1
498	https://en.wikipedia.org/wiki/Sysvinit	data/pages/498.html	1
